{
  "games": 100,
  "controlled_seat": 0,
  "game_mode": "4p-red-single",
  "mean_score": 28097,
  "mean_rank": 1.01,
  "first_place_rate": 0.99,
  "tie_rate": 0.28,
  "unfinished_game_rate": 0.0,
  "action_count": 2372,
  "mean_action_seconds": 0.000802364327192091,
  "max_action_seconds": 0.21481111199682346,
  "timeout_actions": 0,
  "seat_metrics": {
    "0": {
      "mean_score": 28097,
      "mean_rank": 1.01,
      "first_place_rate": 0.99
    },
    "1": {
      "mean_score": 23965,
      "mean_rank": 2.05,
      "first_place_rate": 0.0
    },
    "2": {
      "mean_score": 23856,
      "mean_rank": 3.03,
      "first_place_rate": 0.0
    },
    "3": {
      "mean_score": 23632,
      "mean_rank": 3.91,
      "first_place_rate": 0.01
    }
  },
  "comparison": null,
  "agent_stats": {
    "total_decisions": 2372,
    "primary_decisions": 2372,
    "checkpoint_load_fallback": false,
    "inference_exception_fallback": 0,
    "no_known_legal_fallback": 0,
    "heuristic_fallback_decisions": 0,
    "fallback_decisions": 0,
    "fallback_rate": 0.0,
    "shanten_filter_redirects": 86,
    "red_five_filter_redirects": 19
  },
  "warnings": [
    "se detectaron partidas con scores iguales entre todos los asientos."
  ],
  "scores": [
    [
      25000,
      25000,
      25000,
      25000
    ],
    [
      25000,
      25000,
      25000,
      25000
    ],
    [
      25000,
      25000,
      25000,
      25000
    ],
    [
      25500,
      23500,
      23500,
      26500
    ],
    [
      27000,
      24000,
      24000,
      24000
    ],
    [
      27000,
      24000,
      24000,
      24000
    ],
    [
      27000,
      24000,
      24000,
      24000
    ],
    [
      37000,
      25000,
      25000,
      13000
    ],
    [
      32700,
      25000,
      25000,
      17300
    ],
    [
      25000,
      25000,
      25000,
      25000
    ],
    [
      25000,
      25000,
      25000,
      25000
    ],
    [
      28000,
      24000,
      24000,
      24000
    ],
    [
      27000,
      24000,
      24000,
      24000
    ],
    [
      25000,
      25000,
      25000,
      25000
    ],
    [
      28000,
      24000,
      24000,
      24000
    ],
    [
      27000,
      24000,
      24000,
      24000
    ],
    [
      28900,
      23700,
      23700,
      23700
    ],
    [
      27000,
      24000,
      24000,
      24000
    ],
    [
      25000,
      25000,
      25000,
      25000
    ],
    [
      27000,
      24000,
      24000,
      24000
    ],
    [
      25000,
      25000,
      25000,
      25000
    ],
    [
      27000,
      24000,
      24000,
      24000
    ],
    [
      28000,
      24000,
      24000,
      24000
    ],
    [
      25000,
      25000,
      25000,
      25000
    ],
    [
      25000,
      25000,
      25000,
      25000
    ],
    [
      37000,
      21000,
      21000,
      21000
    ],
    [
      31000,
      23000,
      23000,
      23000
    ],
    [
      27000,
      25000,
      23000,
      25000
    ],
    [
      28000,
      24000,
      24000,
      24000
    ],
    [
      27000,
      24000,
      24000,
      24000
    ],
    [
      27000,
      24000,
      24000,
      24000
    ],
    [
      32700,
      25000,
      17300,
      25000
    ],
    [
      27000,
      24000,
      24000,
      24000
    ],
    [
      27000,
      24000,
      24000,
      24000
    ],
    [
      37000,
      25000,
      13000,
      25000
    ],
    [
      36700,
      21100,
      21100,
      21100
    ],
    [
      25000,
      25000,
      25000,
      25000
    ],
    [
      27000,
      24000,
      24000,
      24000
    ],
    [
      27000,
      24000,
      24000,
      24000
    ],
    [
      27000,
      24000,
      24000,
      24000
    ],
    [
      27000,
      24000,
      24000,
      24000
    ],
    [
      27000,
      24000,
      24000,
      24000
    ],
    [
      27000,
      24000,
      24000,
      24000
    ],
    [
      43000,
      7000,
      25000,
      25000
    ],
    [
      25000,
      25000,
      25000,
      25000
    ],
    [
      25000,
      25000,
      25000,
      25000
    ],
    [
      25000,
      25000,
      25000,
      25000
    ],
    [
      28000,
      24000,
      24000,
      24000
    ],
    [
      27000,
      24000,
      24000,
      24000
    ],
    [
      27000,
      24000,
      24000,
      24000
    ],
    [
      37000,
      25000,
      25000,
      13000
    ],
    [
      28000,
      24000,
      24000,
      24000
    ],
    [
      27000,
      24000,
      24000,
      24000
    ],
    [
      27000,
      24000,
      24000,
      24000
    ],
    [
      25000,
      25000,
      25000,
      25000
    ],
    [
      27000,
      24000,
      24000,
      24000
    ],
    [
      27000,
      24000,
      24000,
      24000
    ],
    [
      27000,
      24000,
      24000,
      24000
    ],
    [
      27000,
      24000,
      24000,
      24000
    ],
    [
      27000,
      24000,
      24000,
      24000
    ],
    [
      28000,
      24000,
      24000,
      24000
    ],
    [
      27000,
      24000,
      24000,
      24000
    ],
    [
      27000,
      24000,
      24000,
      24000
    ],
    [
      28000,
      24000,
      24000,
      24000
    ],
    [
      27000,
      24000,
      24000,
      24000
    ],
    [
      25000,
      25000,
      25000,
      25000
    ],
    [
      27000,
      24000,
      24000,
      24000
    ],
    [
      32700,
      25000,
      25000,
      17300
    ],
    [
      29800,
      20200,
      25000,
      25000
    ],
    [
      25000,
      25000,
      25000,
      25000
    ],
    [
      25000,
      25000,
      25000,
      25000
    ],
    [
      27000,
      24000,
      24000,
      24000
    ],
    [
      43000,
      19000,
      19000,
      19000
    ],
    [
      25000,
      25000,
      25000,
      25000
    ],
    [
      27000,
      24000,
      24000,
      24000
    ],
    [
      25000,
      25000,
      25000,
      25000
    ],
    [
      25000,
      25000,
      25000,
      25000
    ],
    [
      25000,
      25000,
      25000,
      25000
    ],
    [
      27000,
      24000,
      24000,
      24000
    ],
    [
      27000,
      24000,
      24000,
      24000
    ],
    [
      27000,
      24000,
      24000,
      24000
    ],
    [
      32700,
      25000,
      25000,
      17300
    ],
    [
      37000,
      25000,
      25000,
      13000
    ],
    [
      25000,
      25000,
      25000,
      25000
    ],
    [
      27000,
      24000,
      24000,
      24000
    ],
    [
      25000,
      25000,
      25000,
      25000
    ],
    [
      37000,
      25000,
      13000,
      25000
    ],
    [
      27000,
      24000,
      24000,
      24000
    ],
    [
      27000,
      24000,
      24000,
      24000
    ],
    [
      27000,
      24000,
      24000,
      24000
    ],
    [
      43000,
      19000,
      19000,
      19000
    ],
    [
      25000,
      25000,
      25000,
      25000
    ],
    [
      25000,
      25000,
      25000,
      25000
    ],
    [
      25000,
      25000,
      25000,
      25000
    ],
    [
      27000,
      24000,
      24000,
      24000
    ],
    [
      27000,
      24000,
      24000,
      24000
    ],
    [
      27000,
      24000,
      24000,
      24000
    ],
    [
      25000,
      25000,
      25000,
      25000
    ],
    [
      37000,
      21000,
      21000,
      21000
    ],
    [
      27000,
      24000,
      24000,
      24000
    ]
  ],