{
  "games": 100,
  "controlled_seat": 0,
  "game_mode": "4p-red-single",
  "mean_score": 25901,
  "mean_rank": 1.68,
  "first_place_rate": 0.65,
  "tie_rate": 0.13,
  "unfinished_game_rate": 0.0,
  "action_count": 2041,
  "mean_action_seconds": 0.00076306513722542,
  "max_action_seconds": 0.10886469400065835,
  "timeout_actions": 0,
  "seat_metrics": {
    "0": {
      "mean_score": 25901,
      "mean_rank": 1.68,
      "first_place_rate": 0.65
    },
    "1": {
      "mean_score": 24252,
      "mean_rank": 2.23,
      "first_place_rate": 0.12
    },
    "2": {
      "mean_score": 25291,
      "mean_rank": 2.64,
      "first_place_rate": 0.15
    },
    "3": {
      "mean_score": 23886,
      "mean_rank": 3.45,
      "first_place_rate": 0.08
    }
  },
  "comparison": null,
  "agent_stats": {
    "total_decisions": 2041,
    "primary_decisions": 2041,
    "checkpoint_load_fallback": false,
    "inference_exception_fallback": 0,
    "no_known_legal_fallback": 0,
    "heuristic_fallback_decisions": 0,
    "fallback_decisions": 0,
    "fallback_rate": 0.0,
    "shanten_filter_redirects": 69,
    "red_five_filter_redirects": 15
  },
  "warnings": [
    "se detectaron partidas con scores iguales entre todos los asientos."
  ],
  "scores": [
    [
      25500,
      23500,
      23500,
      25500
    ],
    [
      21000,
      23000,
      23000,
      33000
    ],
    [
      37000,
      21000,
      21000,
      21000
    ],
    [
      27000,
      24000,
      24000,
      24000
    ],
    [
      25000,
      25000,
      22000,
      25000
    ],
    [
      25000,
      27600,
      25000,
      22400
    ],
    [
      27000,
      24000,
      24000,
      24000
    ],
    [
      25000,
      25000,
      30200,
      19800
    ],
    [
      27000,
      24000,
      24000,
      24000
    ],
    [
      25000,
      17000,
      33000,
      25000
    ],
    [
      26500,
      23500,
      25500,
      23500
    ],
    [
      27000,
      24000,
      24000,
      24000
    ],
    [
      32000,
      22000,
      23000,
      23000
    ],
    [
      27000,
      24000,
      24000,
      24000
    ],
    [
      27000,
      24000,
      24000,
      24000
    ],
    [
      24000,
      31200,
      19800,
      25000
    ],
    [
      37000,
      21000,
      21000,
      21000
    ],
    [
      17000,
      25000,
      33000,
      25000
    ],
    [
      33700,
      24000,
      25000,
      17300
    ],
    [
      25000,
      25000,
      25000,
      25000
    ],
    [
      25000,
      25000,
      25000,
      25000
    ],
    [
      37000,
      25000,
      25000,
      13000
    ],
    [
      30800,
      19200,
      25000,
      25000
    ],
    [
      27000,
      24000,
      24000,
      24000
    ],
    [
      25000,
      25000,
      33000,
      17000
    ],
    [
      17000,
      25000,
      25000,
      33000
    ],
    [
      27000,
      24000,
      24000,
      24000
    ],
    [
      23500,
      25500,
      25500,
      23500
    ],
    [
      24000,
      24000,
      24000,
      28000
    ],
    [
      24000,
      24000,
      24000,
      27000
    ],
    [
      37000,
      21000,
      21000,
      21000
    ],
    [
      25000,
      25000,
      25000,
      25000
    ],
    [
      27000,
      24000,
      24000,
      24000
    ],
    [
      25000,
      33000,
      25000,
      17000
    ],
    [
      20000,
      23000,
      33000,
      23000
    ],
    [
      27000,
      24000,
      24000,
      24000
    ],
    [
      25000,
      25000,
      25000,
      25000
    ],
    [
      25500,
      23500,
      23500,
      25500
    ],
    [
      24000,
      27000,
      24000,
      24000
    ],
    [
      20000,
      33000,
      23000,
      23000
    ],
    [
      28000,
      24000,
      24000,
      24000
    ],
    [
      24000,
      24000,
      27000,
      24000
    ],
    [
      24000,
      24000,
      27000,
      24000
    ],
    [
      27000,
      24000,
      24000,
      24000
    ],
    [
      24000,
      24000,
      24000,
      27000
    ],
    [
      27000,
      24000,
      24000,
      24000
    ],
    [
      20000,
      23000,
      33000,
      23000
    ],
    [
      24000,
      27000,
      24000,
      24000
    ],
    [
      20000,
      23000,
      23000,
      33000
    ],
    [
      36700,
      21100,
      21100,
      21100
    ],
    [
      23700,
      26300,
      25000,
      25000
    ],
    [
      19000,
      22000,
      37000,
      22000
    ],
    [
      24000,
      13000,
      38000,
      25000
    ],
    [
      25000,
      24000,
      31200,
      19800
    ],
    [
      20000,
      35000,
      22000,
      23000
    ],
    [
      25500,
      23500,
      25500,
      23500
    ],
    [
      20000,
      22000,
      33000,
      23000
    ],
    [
      19000,
      22000,
      37000,
      22000
    ],
    [
      22400,
      25000,
      25000,
      27600
    ],
    [
      25000,
      25000,
      25000,
      25000
    ],
    [
      25500,
      23500,
      26500,
      23500
    ],
    [
      25000,
      25000,
      25000,
      25000
    ],
    [
      25000,
      25000,
      25000,
      25000
    ],
    [
      25000,
      30200,
      19800,
      25000
    ],
    [
      27000,
      24000,
      24000,
      24000
    ],
    [
      23000,
      24000,
      24000,
      29000
    ],
    [
      25000,
      25000,
      25000,
      25000
    ],
    [
      27000,
      24000,
      24000,
      24000
    ],
    [
      25500,
      23500,
      25500,
      23500
    ],
    [
      27000,
      24000,
      24000,
      24000
    ],
    [
      25500,
      23500,
      23500,
      25500
    ],
    [
      25500,
      23500,
      25500,
      23500
    ],
    [
      25000,
      25000,
      25000,
      25000
    ],
    [
      27000,
      24000,
      24000,
      24000
    ],
    [
      28000,
      24000,
      24000,
      24000
    ],
    [
      25500,
      23500,
      25500,
      23500
    ],
    [
      28900,
      21100,
      25000,
      25000
    ],
    [
      25000,
      30200,
      25000,
      19800
    ],
    [
      27000,
      24000,
      24000,
      24000
    ],
    [
      21000,
      23000,
      33000,
      23000
    ],
    [
      27000,
      24000,
      24000,
      24000
    ],
    [
      27000,
      24000,
      24000,
      24000
    ],
    [
      27000,
      24000,
      24000,
      24000
    ],
    [
      25000,
      30200,
      25000,
      19800
    ],
    [
      28900,
      21100,
      25000,
      25000
    ],
    [
      26500,
      23500,
      25500,
      23500
    ],
    [
      25000,
      25000,
      25000,
      25000
    ],
    [
      25500,
      23500,
      25500,
      23500
    ],
    [
      25500,
      23500,
      25500,
      23500
    ],
    [
      27000,
      24000,
      24000,
      24000
    ],
    [
      25000,
      25000,
      25000,
      25000
    ],
    [
      25000,
      25000,
      25000,
      25000
    ],
    [
      43000,
      19000,
      19000,
      19000
    ],
    [
      25000,
      25000,
      25000,
      25000
    ],
    [
      25000,
      25000,
      25000,
      22000
    ],
    [
      27000,
      24000,
      24000,
      24000
    ],
    [
      28000,
      25000,
      24000,
      23000
    ],
    [
      27000,
      24000,
      24000,
      24000
    ],
    [
      27000,
      24000,
      24000,
      24000
    ],
    [
      25500,
      23500,
      23500,
      25500
    ]
  ],