{
  "games": 100,
  "controlled_seat": 0,
  "game_mode": "4p-red-single",
  "mean_score": 28651,
  "mean_rank": 1.01,
  "first_place_rate": 0.99,
  "tie_rate": 0.22,
  "unfinished_game_rate": 0.0,
  "action_count": 2334,
  "mean_action_seconds": 0.000768776410924804,
  "max_action_seconds": 0.10259853599927737,
  "timeout_actions": 0,
  "seat_metrics": {
    "0": {
      "mean_score": 28651,
      "mean_rank": 1.01,
      "first_place_rate": 0.99
    },
    "1": {
      "mean_score": 23564,
      "mean_rank": 2.16,
      "first_place_rate": 0.0
    },
    "2": {
      "mean_score": 23726,
      "mean_rank": 2.99,
      "first_place_rate": 0.0
    },
    "3": {
      "mean_score": 23679,
      "mean_rank": 3.84,
      "first_place_rate": 0.01
    }
  },
  "comparison": null,
  "agent_stats": {
    "total_decisions": 2334,
    "primary_decisions": 2334,
    "checkpoint_load_fallback": false,
    "inference_exception_fallback": 0,
    "no_known_legal_fallback": 0,
    "heuristic_fallback_decisions": 0,
    "fallback_decisions": 0,
    "fallback_rate": 0.0,
    "shanten_filter_redirects": 82,
    "red_five_filter_redirects": 12
  },
  "warnings": [
    "se detectaron partidas con scores iguales entre todos los asientos."
  ],
  "scores": [
    [
      28000,
      24000,
      24000,
      24000
    ],
    [
      27000,
      24000,
      24000,
      24000
    ],
    [
      25000,
      25000,
      25000,
      25000
    ],
    [
      27000,
      24000,
      24000,
      24000
    ],
    [
      36600,
      13400,
      25000,
      25000
    ],
    [
      25000,
      25000,
      25000,
      25000
    ],
    [
      27000,
      24000,
      24000,
      24000
    ],
    [
      25000,
      25000,
      25000,
      25000
    ],
    [
      28000,
      24000,
      24000,
      24000
    ],
    [
      25000,
      25000,
      25000,
      25000
    ],
    [
      25000,
      25000,
      25000,
      25000
    ],
    [
      25000,
      25000,
      25000,
      25000
    ],
    [
      27000,
      24000,
      24000,
      24000
    ],
    [
      27000,
      24000,
      24000,
      24000
    ],
    [
      37000,
      13000,
      25000,
      25000
    ],
    [
      28000,
      24000,
      24000,
      24000
    ],
    [
      27000,
      24000,
      24000,
      24000
    ],
    [
      27000,
      24000,
      24000,
      24000
    ],
    [
      27000,
      24000,
      24000,
      24000
    ],
    [
      25000,
      25000,
      25000,
      25000
    ],
    [
      27000,
      24000,
      24000,
      24000
    ],
    [
      28900,
      25000,
      21100,
      25000
    ],
    [
      28900,
      21100,
      25000,
      25000
    ],
    [
      27000,
      24000,
      24000,
      24000
    ],
    [
      43000,
      19000,
      19000,
      19000
    ],
    [
      25000,
      25000,
      25000,
      25000
    ],
    [
      37000,
      25000,
      25000,
      13000
    ],
    [
      28900,
      25000,
      25000,
      21100
    ],
    [
      27900,
      25000,
      25000,
      22100
    ],
    [
      37000,
      25000,
      25000,
      13000
    ],
    [
      25000,
      25000,
      25000,
      25000
    ],
    [
      27000,
      24000,
      24000,
      24000
    ],
    [
      37000,
      13000,
      25000,
      25000
    ],
    [
      27000,
      24000,
      24000,
      24000
    ],
    [
      25000,
      23000,
      25000,
      27000
    ],
    [
      28000,
      24000,
      24000,
      24000
    ],
    [
      28000,
      24000,
      24000,
      24000
    ],
    [
      28900,
      25000,
      25000,
      21100
    ],
    [
      25000,
      25000,
      25000,
      25000
    ],
    [
      25000,
      25000,
      25000,
      25000
    ],
    [
      27000,
      24000,
      24000,
      24000
    ],
    [
      28000,
      24000,
      24000,
      24000
    ],
    [
      25000,
      25000,
      25000,
      25000
    ],
    [
      27000,
      24000,
      24000,
      24000
    ],
    [
      29800,
      25000,
      20200,
      25000
    ],
    [
      27000,
      24000,
      24000,
      24000
    ],
    [
      25000,
      25000,
      25000,
      25000
    ],
    [
      27000,
      24000,
      24000,
      24000
    ],
    [
      27000,
      24000,
      24000,
      24000
    ],
    [
      27000,
      24000,
      24000,
      24000
    ],
    [
      27000,
      24000,
      24000,
      24000
    ],
    [
      27000,
      24000,
      24000,
      24000
    ],
    [
      27000,
      24000,
      24000,
      24000
    ],
    [
      28000,
      24000,
      24000,
      24000
    ],
    [
      28900,
      23700,
      23700,
      23700
    ],
    [
      25000,
      25000,
      25000,
      25000
    ],
    [
      28000,
      24000,
      24000,
      24000
    ],
    [
      27000,
      24000,
      24000,
      24000
    ],
    [
      25000,
      25000,
      25000,
      25000
    ],
    [
      27000,
      24000,
      24000,
      24000
    ],
    [
      34600,
      21800,
      21800,
      21800
    ],
    [
      43000,
      25000,
      7000,
      25000
    ],
    [
      25000,
      25000,
      25000,
      25000
    ],
    [
      43000,
      19000,
      19000,
      19000
    ],
    [
      28000,
      24000,
      24000,
      24000
    ],
    [
      28000,
      24000,
      24000,
      24000
    ],
    [
      27000,
      24000,
      24000,
      24000
    ],
    [
      27000,
      24000,
      24000,
      24000
    ],
    [
      27000,
      24000,
      24000,
      24000
    ],
    [
      25000,
      25000,
      25000,
      25000
    ],
    [
      27000,
      24000,
      24000,
      24000
    ],
    [
      27000,
      24000,
      24000,
      24000
    ],
    [
      28900,
      25000,
      21100,
      25000
    ],
    [
      37000,
      21000,
      21000,
      21000
    ],
    [
      27900,
      22100,
      25000,
      25000
    ],
    [
      27000,
      24000,
      24000,
      24000
    ],
    [
      27000,
      24000,
      24000,
      24000
    ],
    [
      25000,
      25000,
      25000,
      25000
    ],
    [
      36700,
      21100,
      21100,
      21100
    ],
    [
      32700,
      25000,
      17300,
      25000
    ],
    [
      27000,
      24000,
      24000,
      24000
    ],
    [
      28000,
      24000,
      24000,
      24000
    ],
    [
      37000,
      13000,
      25000,
      25000
    ],
    [
      27000,
      24000,
      24000,
      24000
    ],
    [
      27000,
      24000,
      24000,
      24000
    ],
    [
      25000,
      25000,
      25000,
      25000
    ],
    [
      43000,
      19000,
      19000,
      19000
    ],
    [
      28000,
      24000,
      24000,
      24000
    ],
    [
      28000,
      24000,
      24000,
      24000
    ],
    [
      27000,
      24000,
      24000,
      24000
    ],
    [
      27000,
      24000,
      24000,
      24000
    ],
    [
      30800,
      19200,
      25000,
      25000
    ],
    [
      25000,
      25000,
      25000,
      25000
    ],
    [
      32700,
      25000,
      17300,
      25000
    ],
    [
      27000,
      24000,
      24000,
      24000
    ],
    [
      27000,
      24000,
      24000,
      24000
    ],
    [
      25000,
      25000,
      25000,
      25000
    ],
    [
      27000,
      24000,
      24000,
      24000
    ],
    [
      43000,
      25000,
      25000,
      7000
    ],
    [
      25000,
      25000,
      25000,
      25000
    ]
  ],