{
  "games": 100,
  "controlled_seat": 0,
  "game_mode": "4p-red-single",
  "mean_score": 25089,
  "mean_rank": 1.62,
  "first_place_rate": 0.46,
  "tie_rate": 0.29,
  "unfinished_game_rate": 0.0,
  "action_count": 2359,
  "mean_action_seconds": 0.0007845894798142374,
  "max_action_seconds": 0.10541766199821723,
  "timeout_actions": 0,
  "seat_metrics": {
    "0": {
      "mean_score": 25089,
      "mean_rank": 1.62,
      "first_place_rate": 0.46
    },
    "1": {
      "mean_score": 24694,
      "mean_rank": 2.18,
      "first_place_rate": 0.18
    },
    "2": {
      "mean_score": 24956,
      "mean_rank": 2.79,
      "first_place_rate": 0.18
    },
    "3": {
      "mean_score": 24771,
      "mean_rank": 3.41,
      "first_place_rate": 0.18
    }
  },
  "comparison": null,
  "agent_stats": {
    "total_decisions": 2359,
    "primary_decisions": 2359,
    "checkpoint_load_fallback": false,
    "inference_exception_fallback": 0,
    "no_known_legal_fallback": 0,
    "heuristic_fallback_decisions": 0,
    "fallback_decisions": 0,
    "fallback_rate": 0.0,
    "shanten_filter_redirects": 113,
    "red_five_filter_redirects": 17
  },
  "warnings": [
    "se detectaron partidas con scores iguales entre todos los asientos."
  ],
  "scores": [
    [
      32700,
      17300,
      25000,
      25000
    ],
    [
      24000,
      27000,
      24000,
      24000
    ],
    [
      24000,
      24000,
      27000,
      24000
    ],
    [
      24000,
      24000,
      24000,
      27000
    ],
    [
      27000,
      24000,
      24000,
      24000
    ],
    [
      24000,
      27000,
      24000,
      24000
    ],
    [
      21000,
      23000,
      33000,
      23000
    ],
    [
      24000,
      24000,
      24000,
      27000
    ],
    [
      25000,
      25000,
      25000,
      25000
    ],
    [
      24000,
      27000,
      24000,
      24000
    ],
    [
      24000,
      24000,
      27000,
      24000
    ],
    [
      24000,
      24000,
      24000,
      28000
    ],
    [
      25000,
      25000,
      25000,
      25000
    ],
    [
      24000,
      27000,
      24000,
      24000
    ],
    [
      25000,
      25000,
      25000,
      25000
    ],
    [
      25000,
      25000,
      25000,
      25000
    ],
    [
      27000,
      24000,
      24000,
      24000
    ],
    [
      24000,
      27000,
      24000,
      24000
    ],
    [
      24000,
      24000,
      27000,
      24000
    ],
    [
      24000,
      24000,
      24000,
      27000
    ],
    [
      27000,
      24000,
      24000,
      24000
    ],
    [
      25000,
      25000,
      25000,
      25000
    ],
    [
      25000,
      25000,
      25000,
      25000
    ],
    [
      24000,
      24000,
      24000,
      28000
    ],
    [
      37000,
      21000,
      21000,
      21000
    ],
    [
      24000,
      27000,
      24000,
      24000
    ],
    [
      25000,
      25000,
      25000,
      25000
    ],
    [
      25000,
      25000,
      22400,
      27600
    ],
    [
      28000,
      24000,
      24000,
      24000
    ],
    [
      25000,
      25000,
      25000,
      25000
    ],
    [
      24000,
      24000,
      27000,
      24000
    ],
    [
      25000,
      25000,
      17000,
      33000
    ],
    [
      25000,
      25000,
      25000,
      25000
    ],
    [
      24000,
      27000,
      24000,
      24000
    ],
    [
      24000,
      24000,
      27000,
      24000
    ],
    [
      25000,
      25000,
      25000,
      25000
    ],
    [
      25000,
      25000,
      25000,
      25000
    ],
    [
      25000,
      25000,
      25000,
      25000
    ],
    [
      24000,
      24000,
      27000,
      24000
    ],
    [
      24000,
      24000,
      24000,
      27000
    ],
    [
      25000,
      25000,
      25000,
      25000
    ],
    [
      24000,
      27000,
      24000,
      24000
    ],
    [
      24000,
      24000,
      27000,
      24000
    ],
    [
      24000,
      24000,
      24000,
      27000
    ],
    [
      28900,
      23700,
      23700,
      23700
    ],
    [
      21100,
      28900,
      25000,
      25000
    ],
    [
      24000,
      24000,
      28000,
      24000
    ],
    [
      25000,
      25000,
      25000,
      25000
    ],
    [
      43000,
      19000,
      19000,
      19000
    ],
    [
      25000,
      25000,
      25000,
      25000
    ],
    [
      24000,
      24000,
      28000,
      24000
    ],
    [
      25000,
      25000,
      25000,
      25000
    ],
    [
      27000,
      24000,
      24000,
      24000
    ],
    [
      24000,
      27000,
      24000,
      24000
    ],
    [
      24000,
      24000,
      27000,
      24000
    ],
    [
      24000,
      24000,
      24000,
      27000
    ],
    [
      27000,
      24000,
      24000,
      24000
    ],
    [
      24000,
      28000,
      24000,
      24000
    ],
    [
      21000,
      23000,
      33000,
      23000
    ],
    [
      25000,
      25000,
      25000,
      25000
    ],
    [
      25000,
      25000,
      25000,
      25000
    ],
    [
      24000,
      28000,
      24000,
      24000
    ],
    [
      24000,
      24000,
      27000,
      24000
    ],
    [
      25000,
      25000,
      25000,
      25000
    ],
    [
      25000,
      25000,
      25000,
      25000
    ],
    [
      24000,
      27000,
      24000,
      24000
    ],
    [
      24000,
      24000,
      24000,
      28000
    ],
    [
      24000,
      24000,
      24000,
      27000
    ],
    [
      32700,
      25000,
      25000,
      17300
    ],
    [
      24000,
      27000,
      24000,
      24000
    ],
    [
      17000,
      25000,
      33000,
      25000
    ],
    [
      24000,
      24000,
      24000,
      27000
    ],
    [
      28000,
      24000,
      24000,
      24000
    ],
    [
      24000,
      27000,
      24000,
      24000
    ],
    [
      25000,
      25000,
      25000,
      25000
    ],
    [
      24000,
      24000,
      24000,
      27000
    ],
    [
      27000,
      24000,
      24000,
      24000
    ],
    [
      24000,
      27000,
      24000,
      24000
    ],
    [
      24000,
      24000,
      27000,
      24000
    ],
    [
      25000,
      25000,
      25000,
      25000
    ],
    [
      27000,
      24000,
      24000,
      24000
    ],
    [
      24000,
      27000,
      24000,
      24000
    ],
    [
      24000,
      24000,
      27000,
      24000
    ],
    [
      24000,
      24000,
      24000,
      27000
    ],
    [
      25000,
      25000,
      25000,
      25000
    ],
    [
      26500,
      25500,
      23500,
      23500
    ],
    [
      24000,
      24000,
      27000,
      24000
    ],
    [
      25000,
      17000,
      25000,
      33000
    ],
    [
      27000,
      24000,
      24000,
      24000
    ],
    [
      24000,
      27000,
      24000,
      24000
    ],
    [
      25000,
      25000,
      25000,
      25000
    ],
    [
      24000,
      24000,
      24000,
      27000
    ],
    [
      25000,
      25000,
      25000,
      25000
    ],
    [
      25000,
      25000,
      25000,
      25000
    ],
    [
      25000,
      25000,
      25000,
      25000
    ],
    [
      25000,
      25000,
      25000,
      25000
    ],
    [
      27000,
      24000,
      24000,
      24000
    ],
    [
      25000,
      25000,
      25000,
      25000
    ],
    [
      25000,
      25000,
      33000,
      17000
    ],
    [
      24000,
      24000,
      24000,
      27000
    ]
  ],